"criterion_id","source_item_number","name","category","measures","classification_tags","phase5a_granularity","natural_granularity","likely_authoritative_publisher_families","likely_dataset_or_indicator_families","evidence_refs","cross_country_comparability_estimate","coverage_90_percent_plausible_estimate","expected_coverage_band_estimate","likely_freshness","licensing_uncertainty","finding_status","deep_research_priority","deep_research_rank","recommended_batch","downgrade_rationale","reason_codes","fact_estimate_boundary"
"C01","1","Overall higher-education opportunity","Education and human capital","National breadth, participation, completion and credible quality signals in tertiary education.","IC","NATIONAL","national","UNESCO UIS | World Bank | national education ministries | OECD as a supplement","UIS tertiary enrolment/graduation/ISCED indicators | World Bank EdStats | OECD Education at a Glance","E01","C3","YES","HIGH","STANDARD_SOCIOECONOMIC: annual/0–3y likely","MEDIUM","SCREENED_PROMISING","HIGH","9","BATCH_1","Quality is not captured by availability alone; rankings are commercially licensed and institution-weighted.","SEM_QUESTION_TOO_BROAD | LIC_AMBIGUOUS","{""measures"":""VERIFIED_FROM_USER_SEARCH_SPACE"",""publisher_dataset_family_existence"":""VERIFIED_WHERE_CITED; CANDIDATE_FIT_PRELIMINARY"",""comparability_coverage_freshness_licensing"":""PRELIMINARY_ESTIMATE_NOT_AUDITED""}"
"C02","2","Technology and engineering education","Education and human capital","Strength and availability of tertiary programmes and graduates in engineering, ICT and related fields.","IC | SC","NATIONAL_WITH_CITY_CAVEAT","city/regional","UNESCO UIS | national education/accreditation bodies | OECD | commercial ranking publishers","UIS graduates/enrolment by ISCED field | national programme registers | subject rankings for discovery","E01","C3","UNCERTAIN","MEDIUM","STANDARD_SOCIOECONOMIC: 0–3y likely","HIGH","SCREENED_POSSIBLE","LOW",,,"Global field-of-study counts are plausible, but comparable programme quality and institution location are not.","COV_BELOW_90_PERCENT | GRA_CITY_LEVEL_REQUIRED | LIC_AMBIGUOUS","{""measures"":""VERIFIED_FROM_USER_SEARCH_SPACE"",""publisher_dataset_family_existence"":""VERIFIED_WHERE_CITED; CANDIDATE_FIT_PRELIMINARY"",""comparability_coverage_freshness_licensing"":""PRELIMINARY_ESTIMATE_NOT_AUDITED""}"
"C03","3","Medical and health-sciences education","Education and human capital","Availability and quality of medicine, dentistry, nursing, pharmacy and allied-health education.","IC | SC","NATIONAL_WITH_CITY_CAVEAT","city/regional","UNESCO UIS | WHO | World Directory of Medical Schools | national accreditors","UIS health-field graduates | WDOMS | national accredited programme registers","E01 | E04","C2","NO","MEDIUM","STANDARD_SOCIOECONOMIC: mixed 0–5y","HIGH","SCREENED_LOW_FEASIBILITY","LOW",,,"Programme quality, recognition and seat access vary by profession and institution; WDOMS is not a quality ranking.","COV_BELOW_90_PERCENT | CMP_DEFINITION_DIFFERS | GRA_PROFESSION_SPECIFIC","{""measures"":""VERIFIED_FROM_USER_SEARCH_SPACE"",""publisher_dataset_family_existence"":""VERIFIED_WHERE_CITED; CANDIDATE_FIT_PRELIMINARY"",""comparability_coverage_freshness_licensing"":""PRELIMINARY_ESTIMATE_NOT_AUDITED""}"
"C04","4","Business, commerce, and management education","Education and human capital","Availability and quality of business, finance, economics, accounting and management education.","IC | SC","NATIONAL_WITH_CITY_CAVEAT","city/regional","UNESCO UIS | national accreditors | OECD | commercial ranking/accreditation bodies","UIS business-field graduates | official programme registers | AACSB/EQUIS and subject rankings for discovery","E01","C2","NO","MEDIUM","STANDARD_SOCIOECONOMIC: mixed 0–5y","HIGH","SCREENED_LOW_FEASIBILITY","LOW",,,"Accreditation and rankings cover a selective institution set and carry licensing and selection bias.","COV_BELOW_90_PERCENT | LIC_AMBIGUOUS | GRA_CITY_LEVEL_REQUIRED","{""measures"":""VERIFIED_FROM_USER_SEARCH_SPACE"",""publisher_dataset_family_existence"":""VERIFIED_WHERE_CITED; CANDIDATE_FIT_PRELIMINARY"",""comparability_coverage_freshness_licensing"":""PRELIMINARY_ESTIMATE_NOT_AUDITED""}"
"C05","5","Research and innovation ecosystem","Education and human capital","National research intensity, outputs, patents, doctoral capacity and university–industry links.","IC","NATIONAL","national","UNESCO UIS | WIPO | World Bank | OECD","UIS R&D expenditure/researchers | WIPO IP Statistics | doctoral graduates | Global Innovation Index components","E01","C3","YES","HIGH","STANDARD_SOCIOECONOMIC: 0–3y with lag","MEDIUM","SCREENED_PROMISING","MEDIUM","20","BATCH_2","A composite must avoid mixing inputs and outputs or importing opaque GII weights.","SCO_COMPOSITE_WEIGHTS_ARBITRARY | RED_SHARED_COMPONENTS","{""measures"":""VERIFIED_FROM_USER_SEARCH_SPACE"",""publisher_dataset_family_existence"":""VERIFIED_WHERE_CITED; CANDIDATE_FIT_PRELIMINARY"",""comparability_coverage_freshness_licensing"":""PRELIMINARY_ESTIMATE_NOT_AUDITED""}"
"C06","6","International-student accessibility","Education and human capital","Practical accessibility for international students: enrolment openness, English-taught options, visas and support.","IC | SC","NATIONAL_WITH_CITY_CAVEAT","national","UNESCO UIS | OECD | national immigration and education authorities","UIS inbound student mobility | OECD international students | official student-visa and post-study rules","E01","C2","NO","MEDIUM","CURRENT_POLICY plus annual mobility data","HIGH","SCREENED_POSSIBLE","MEDIUM","39",,"Mobility stock is comparable; admissions, English-taught programmes and visa rules need manual current-policy coding.","COV_BELOW_90_PERCENT | CMP_DEFINITION_DIFFERS | OPS_EXCESSIVE_MANUAL_MAINTENANCE","{""measures"":""VERIFIED_FROM_USER_SEARCH_SPACE"",""publisher_dataset_family_existence"":""VERIFIED_WHERE_CITED; CANDIDATE_FIT_PRELIMINARY"",""comparability_coverage_freshness_licensing"":""PRELIMINARY_ESTIMATE_NOT_AUDITED""}"
"C07","7","Tuition affordability","Education and human capital","Tuition cost faced by representative domestic/international students relative to income or PPP.","IC | SC","NATIONAL_WITH_CITY_CAVEAT","city/regional","UNESCO UIS | OECD | national ministries and institution fee schedules","UIS education finance | OECD tertiary fees | official fee schedules | ICP PPP denominators","E01 | E09","C2","NO","MEDIUM","FAST_MOVING: latest 0–2y","HIGH","SCREENED_POSSIBLE","MEDIUM","40",,"Fees vary by institution, programme, residency and scholarship; global harmonised international-student prices are unlikely.","GRA_HOUSEHOLD_SCENARIO_REQUIRED | CMP_POPULATION_DIFFERS | COV_BELOW_90_PERCENT","{""measures"":""VERIFIED_FROM_USER_SEARCH_SPACE"",""publisher_dataset_family_existence"":""VERIFIED_WHERE_CITED; CANDIDATE_FIT_PRELIMINARY"",""comparability_coverage_freshness_licensing"":""PRELIMINARY_ESTIMATE_NOT_AUDITED""}"
"C08","8","School education quality","Education and human capital","Primary/secondary learning outcomes, completion and system quality.","IC","NATIONAL_WITH_CITY_CAVEAT","national","UNESCO UIS | World Bank | OECD | IEA","UIS SDG4 completion/proficiency | World Bank Learning Poverty/HCI | PISA | TIMSS/PIRLS","E01","C3","UNCERTAIN","MEDIUM","STANDARD_SOCIOECONOMIC: 0–3y, assessments periodic","MEDIUM","SCREENED_POSSIBLE","HIGH","14","BATCH_1","Administrative completion is broad, but common learning assessments miss many stable-universe countries and cycles.","COV_BELOW_90_PERCENT | FRS_MIXED_REFERENCE_PERIODS","{""measures"":""VERIFIED_FROM_USER_SEARCH_SPACE"",""publisher_dataset_family_existence"":""VERIFIED_WHERE_CITED; CANDIDATE_FIT_PRELIMINARY"",""comparability_coverage_freshness_licensing"":""PRELIMINARY_ESTIMATE_NOT_AUDITED""}"
"C09","9","International-school availability","Education and human capital","Availability and affordability of recognised international schools in likely destinations.","IC | SC | CR | LF","CITY_OR_REGIONAL","city/regional","IB | Cambridge International | national school registries | international-school directories","IB World Schools | Cambridge school finder | official school lists | fee schedules","","C2","NO","LOW","FAST_MOVING: annual/current directories","HIGH","DEFERRED_CITY_LAYER","LOW",,,"A city-level institution inventory and commercial-directory licensing would be required.","GRA_CITY_LEVEL_REQUIRED | COV_BELOW_90_PERCENT | LIC_AMBIGUOUS","{""measures"":""VERIFIED_FROM_USER_SEARCH_SPACE"",""publisher_dataset_family_existence"":""PRELIMINARY_HYPOTHESIS"",""comparability_coverage_freshness_licensing"":""PRELIMINARY_ESTIMATE_NOT_AUDITED""}"
"C10","10","Recognition and portability of qualifications","Education and human capital","Ease of academic/professional recognition and portability of foreign qualifications.","IC | SC | LF","NATIONAL_WITH_CITY_CAVEAT","profile-derived","UNESCO | ENIC-NARIC networks | national recognition and professional bodies","Global/Regional Recognition Conventions | WHED | ENIC-NARIC country procedures | regulated-profession rules","","C2","NO","MEDIUM","STATIC_OR_LEGAL_ASOF: current","HIGH","SCREENED_LOW_FEASIBILITY","LOW",,,"Outcome depends on origin, destination, qualification and profession; no single country score is defensible.","GRA_ORIGIN_SPECIFIC | GRA_PROFESSION_SPECIFIC | SCO_NO_CLEAR_DIRECTION","{""measures"":""VERIFIED_FROM_USER_SEARCH_SPACE"",""publisher_dataset_family_existence"":""PRELIMINARY_HYPOTHESIS"",""comparability_coverage_freshness_licensing"":""PRELIMINARY_ESTIMATE_NOT_AUDITED""}"
"C11","11","Overall job-market opportunity","Employment, income and economic opportunity","National employment opportunity using employment, unemployment, participation and labour-underutilisation signals.","IC","NATIONAL_WITH_CITY_CAVEAT","national","ILO | World Bank | national statistical offices","ILOSTAT modelled estimates and harmonised labour-force indicators | World Bank WDI representations","E02","C4","YES","HIGH","FAST_MOVING: annual/quarterly, latest 0–2y","MEDIUM","SCREENED_PROMISING","HIGH","1","BATCH_1","Vacancies are not globally comparable, so the first version should stay with harmonised labour outcomes.","CMP_DEFINITION_DIFFERS","{""measures"":""VERIFIED_FROM_USER_SEARCH_SPACE"",""publisher_dataset_family_existence"":""VERIFIED_WHERE_CITED; CANDIDATE_FIT_PRELIMINARY"",""comparability_coverage_freshness_licensing"":""PRELIMINARY_ESTIMATE_NOT_AUDITED""}"
"C12","12","Software and technology jobs","Employment, income and economic opportunity","Depth of software, ICT, data, AI and cybersecurity employment.","IC | SC | CR","NATIONAL_WITH_CITY_CAVEAT","city/regional","ILO | national statistical offices | official vacancy services | OECD","ILOSTAT employment by ISCO/industry | official vacancies | OECD ICT employment | online-job data for discovery","E02","C2","NO","MEDIUM","FAST_MOVING: latest 0–2y","HIGH","SCREENED_POSSIBLE","HIGH","11","BATCH_1","Global occupation aggregates are broad; granular tech vacancies are platform-dependent and concentrated in cities.","GRA_CITY_LEVEL_REQUIRED | COV_BELOW_90_PERCENT | LIC_AMBIGUOUS","{""measures"":""VERIFIED_FROM_USER_SEARCH_SPACE"",""publisher_dataset_family_existence"":""VERIFIED_WHERE_CITED; CANDIDATE_FIT_PRELIMINARY"",""comparability_coverage_freshness_licensing"":""PRELIMINARY_ESTIMATE_NOT_AUDITED""}"
"C13","13","Medical and healthcare jobs","Employment, income and economic opportunity","Demand and employment opportunity for health professionals, separate from licensing access.","IC | SC | CR","NATIONAL_WITH_CITY_CAVEAT","city/regional","ILO | WHO | national health-workforce observatories","ILOSTAT occupation/industry employment | WHO health workforce density | official shortage lists","E02 | E04","C3","UNCERTAIN","MEDIUM","FAST_MOVING/STANDARD: 0–3y","MEDIUM","SCREENED_POSSIBLE","MEDIUM","22","BATCH_2","Provider shortage is not equivalent to accessible jobs, and licensing must remain a separate gate.","GRA_PROFESSION_SPECIFIC | SEM_CAUSALITY_OVERCLAIM","{""measures"":""VERIFIED_FROM_USER_SEARCH_SPACE"",""publisher_dataset_family_existence"":""VERIFIED_WHERE_CITED; CANDIDATE_FIT_PRELIMINARY"",""comparability_coverage_freshness_licensing"":""PRELIMINARY_ESTIMATE_NOT_AUDITED""}"
"C14","14","Business, finance, and professional-services jobs","Employment, income and economic opportunity","Demand for finance, consulting, accounting, marketing, operations, sales and management roles.","IC | SC | CR","NATIONAL_WITH_CITY_CAVEAT","city/regional","ILO | national statistical offices | official vacancy services","ILOSTAT ISCO/industry employment | labour force surveys | official vacancies","E02","C2","NO","MEDIUM","FAST_MOVING: latest 0–2y","HIGH","SCREENED_POSSIBLE","MEDIUM","23","BATCH_2","Occupational groupings are broad and vacancy data are uneven; major-city concentration is material.","GRA_CITY_LEVEL_REQUIRED | COV_BELOW_90_PERCENT","{""measures"":""VERIFIED_FROM_USER_SEARCH_SPACE"",""publisher_dataset_family_existence"":""VERIFIED_WHERE_CITED; CANDIDATE_FIT_PRELIMINARY"",""comparability_coverage_freshness_licensing"":""PRELIMINARY_ESTIMATE_NOT_AUDITED""}"
"C15","15","Engineering and skilled technical jobs","Employment, income and economic opportunity","Demand for civil, mechanical, electrical, industrial, energy and skilled technical roles.","IC | SC | CR","NATIONAL_WITH_CITY_CAVEAT","city/regional","ILO | national statistical offices | official vacancy/shortage lists","ILOSTAT ISCO/industry employment | labour force surveys | official shortage occupation lists","E02","C3","UNCERTAIN","MEDIUM","FAST_MOVING: latest 0–2y","MEDIUM","SCREENED_POSSIBLE","MEDIUM","21","BATCH_2","Broad ISCO groups are comparable, but specialisms, licensing and regional projects are not.","GRA_PROFESSION_SPECIFIC | COV_BELOW_90_PERCENT","{""measures"":""VERIFIED_FROM_USER_SEARCH_SPACE"",""publisher_dataset_family_existence"":""VERIFIED_WHERE_CITED; CANDIDATE_FIT_PRELIMINARY"",""comparability_coverage_freshness_licensing"":""PRELIMINARY_ESTIMATE_NOT_AUDITED""}"
"C16","16","Entrepreneurship and startup opportunity","Employment, income and economic opportunity","Business formation, firm entry, startup activity, finance access and survival conditions.","IC","NATIONAL","national","World Bank | OECD | national business registries | Global Entrepreneurship Monitor","World Bank Entrepreneurship Database | Enterprise Surveys | GEM | venture databases for discovery","","C2","UNCERTAIN","MEDIUM","STANDARD_SOCIOECONOMIC: 0–3y","HIGH","SCREENED_POSSIBLE","MEDIUM","24","BATCH_2","Startup funding/activity sources often have selective coverage or commercial terms; formation counts are not survival quality.","COV_BELOW_90_PERCENT | LIC_AMBIGUOUS | SEM_QUESTION_TOO_BROAD","{""measures"":""VERIFIED_FROM_USER_SEARCH_SPACE"",""publisher_dataset_family_existence"":""PRELIMINARY_HYPOTHESIS"",""comparability_coverage_freshness_licensing"":""PRELIMINARY_ESTIMATE_NOT_AUDITED""}"
"C17","17","Average earning potential","Employment, income and economic opportunity","Representative gross/net earnings, ideally occupation- and cost-adjusted.","IC | DO | CR","NATIONAL_WITH_CITY_CAVEAT","city/regional","ILO | World Bank | OECD | national statistical offices","ILOSTAT earnings | ILO modelled labour income | OECD average wages | ICP PPP conversion","E02 | E09","C3","UNCERTAIN","MEDIUM","FAST_MOVING: latest 0–2y","MEDIUM","SCREENED_POSSIBLE","HIGH","4","BATCH_1","National averages mask occupation, tax and city-cost differences; net pay requires household scenarios.","GRA_HOUSEHOLD_SCENARIO_REQUIRED | CMP_GROSS_NET_MISMATCH | GRA_CITY_LEVEL_REQUIRED","{""measures"":""VERIFIED_FROM_USER_SEARCH_SPACE"",""publisher_dataset_family_existence"":""VERIFIED_WHERE_CITED; CANDIDATE_FIT_PRELIMINARY"",""comparability_coverage_freshness_licensing"":""PRELIMINARY_ESTIMATE_NOT_AUDITED""}"
"C18","18","Income growth and career mobility","Employment, income and economic opportunity","Wage growth, promotion prospects and occupational mobility over time.","IC | SC | CR | LF","NATIONAL_WITH_CITY_CAVEAT","city/regional","ILO | OECD | national longitudinal and labour-force surveys","ILOSTAT wage growth | OECD earnings mobility | harmonised panel/microdata where available","E02","C2","NO","MEDIUM","FAST_MOVING: latest 0–3y","HIGH","SCREENED_LOW_FEASIBILITY","LOW",,,"Promotion and mobility require longitudinal microdata that are not globally harmonised or broadly reusable.","COV_BELOW_90_PERCENT | CMP_SURVEY_NOT_HARMONISED | LIC_AMBIGUOUS","{""measures"":""VERIFIED_FROM_USER_SEARCH_SPACE"",""publisher_dataset_family_existence"":""VERIFIED_WHERE_CITED; CANDIDATE_FIT_PRELIMINARY"",""comparability_coverage_freshness_licensing"":""PRELIMINARY_ESTIMATE_NOT_AUDITED""}"
"C19","19","Employment protection and worker rights","Employment, income and economic opportunity","Formal and effective protection on hours, leave, dismissal, bargaining and core labour rights.","IC | SC","NATIONAL","national","ILO | national labour ministries","ILO NATLEX/NORMLEX/EPLex | ILOSTAT working time | convention ratification | official statutes","E15 | E02","C3","UNCERTAIN","MEDIUM","STATIC_OR_LEGAL_ASOF plus annual outcomes","HIGH","SCREENED_POSSIBLE","MEDIUM","25","BATCH_2","Law, ratification and enforcement are distinct; comparable coding requires current legal review.","CMP_LEGAL_NOT_LIVED_OUTCOME | OPS_EXCESSIVE_MANUAL_MAINTENANCE","{""measures"":""VERIFIED_FROM_USER_SEARCH_SPACE"",""publisher_dataset_family_existence"":""VERIFIED_WHERE_CITED; CANDIDATE_FIT_PRELIMINARY"",""comparability_coverage_freshness_licensing"":""PRELIMINARY_ESTIMATE_NOT_AUDITED""}"
"C20","20","Remote-work suitability","Employment, income and economic opportunity","Digital and legal practicality of remote work, including connectivity, visas, coworking and time-zone fit.","IC | DO | CR | LF","NATIONAL_WITH_CITY_CAVEAT","profile-derived","ITU | official immigration authorities | commercial coworking/latency providers","ITU connectivity | digital-nomad visa rules | coworking directories | time-zone calculation","E05","C2","NO","MEDIUM","CURRENT_POLICY/FAST_MOVING","HIGH","SCREENED_LOW_FEASIBILITY","LOW",,,"It overlaps internet and visas, while time zone and legal fit depend on employer and user origin.","RED_SHARED_COMPONENTS | PRF_PROFILE_ONLY | LIC_AMBIGUOUS","{""measures"":""VERIFIED_FROM_USER_SEARCH_SPACE"",""publisher_dataset_family_existence"":""VERIFIED_WHERE_CITED; CANDIDATE_FIT_PRELIMINARY"",""comparability_coverage_freshness_licensing"":""PRELIMINARY_ESTIMATE_NOT_AUDITED""}"
"C21","21","Personal income-tax burden","Tax, cost and financial conditions","Effective personal income-tax burden for representative income and household cases.","IC","NATIONAL","national","National tax authorities | OECD | IMF/World Bank for denominators","Official tax schedules/calculators | OECD Taxing Wages | PwC/KPMG summaries for discovery","E11","C3","NO","MEDIUM","CURRENT_POLICY: current tax year","HIGH","SCREENED_POSSIBLE","HIGH","5","BATCH_1","OECD's comparable effective-tax model covers only 38 countries; global extension requires maintained official-rule coding.","COV_BELOW_90_PERCENT | OPS_EXCESSIVE_MANUAL_MAINTENANCE | GRA_HOUSEHOLD_SCENARIO_REQUIRED","{""measures"":""VERIFIED_FROM_USER_SEARCH_SPACE"",""publisher_dataset_family_existence"":""VERIFIED_WHERE_CITED; CANDIDATE_FIT_PRELIMINARY"",""comparability_coverage_freshness_licensing"":""PRELIMINARY_ESTIMATE_NOT_AUDITED""}"
"C22","22","Social-security and mandatory contribution burden","Tax, cost and financial conditions","Employee/employer payroll, pension and other compulsory contribution burden.","IC | SC","NATIONAL","national","National social-security/tax authorities | OECD | ILO","Official contribution schedules | OECD Taxing Wages | ILO Social Security Inquiry","E11 | E15","C3","NO","MEDIUM","CURRENT_POLICY: current contribution year","HIGH","SCREENED_POSSIBLE","MEDIUM","26","BATCH_2","Global comparability is constrained by ceilings, benefit entitlements and the same OECD coverage limit.","COV_BELOW_90_PERCENT | CMP_DEFINITION_DIFFERS | GRA_HOUSEHOLD_SCENARIO_REQUIRED","{""measures"":""VERIFIED_FROM_USER_SEARCH_SPACE"",""publisher_dataset_family_existence"":""VERIFIED_WHERE_CITED; CANDIDATE_FIT_PRELIMINARY"",""comparability_coverage_freshness_licensing"":""PRELIMINARY_ESTIMATE_NOT_AUDITED""}"
"C23","23","Consumption and indirect-tax burden","Tax, cost and financial conditions","VAT/GST/sales-tax rates and household exposure to indirect taxation.","IC | SC","NATIONAL","national","National tax authorities | IMF | OECD | World Bank","Official VAT/GST schedules | IMF tax databases | OECD Consumption Tax Trends | household expenditure weights","","C2","NO","MEDIUM","CURRENT_POLICY: current tax year","HIGH","SCREENED_LOW_FEASIBILITY","LOW",,,"Headline rates are broad but effective burden needs country-specific exemptions and household consumption baskets.","GRA_HOUSEHOLD_SCENARIO_REQUIRED | COV_BELOW_90_PERCENT | OPS_EXCESSIVE_MANUAL_MAINTENANCE","{""measures"":""VERIFIED_FROM_USER_SEARCH_SPACE"",""publisher_dataset_family_existence"":""PRELIMINARY_HYPOTHESIS"",""comparability_coverage_freshness_licensing"":""PRELIMINARY_ESTIMATE_NOT_AUDITED""}"
"C24","24","Overall affordability","Tax, cost and financial conditions","Relative household-consumption price level against a common benchmark.","IC | DO","NATIONAL","unsuitable independent","World Bank ICP","ICP household-consumption PPP and price-level indexes","E09","C4","YES","FULL","SLOW_STRUCTURAL/annual extrapolation","LOW","DEFERRED","NO FURTHER WORK",,,"Already represented in Konsider; retain as an existing monitor, not a new Phase 5 research target.","RED_EXISTING_CRITERION","{""measures"":""VERIFIED_FROM_USER_SEARCH_SPACE"",""publisher_dataset_family_existence"":""VERIFIED_WHERE_CITED; CANDIDATE_FIT_PRELIMINARY"",""comparability_coverage_freshness_licensing"":""PRELIMINARY_ESTIMATE_NOT_AUDITED""}"
"C25","25","Housing affordability","Tax, cost and financial conditions","Rent/home-price burden relative to income and availability in likely migrant destinations.","IC | SC | CR | LF","CITY_OR_REGIONAL","city/regional","National statistical offices | OECD | Eurostat | central banks | city housing observatories","OECD affordable housing | official rent/price indexes | housing-cost-overburden | city rent datasets","","C2","NO","MEDIUM","FAST_MOVING: latest 0–2y","HIGH","DEFERRED_CITY_LAYER","HIGH","6","BATCH_1","High decision value justifies strategic research, but a national average is misleading and global city rent data are often commercial.","GRA_CITY_LEVEL_REQUIRED | COV_BELOW_90_PERCENT | LIC_AMBIGUOUS","{""measures"":""VERIFIED_FROM_USER_SEARCH_SPACE"",""publisher_dataset_family_existence"":""PRELIMINARY_HYPOTHESIS"",""comparability_coverage_freshness_licensing"":""PRELIMINARY_ESTIMATE_NOT_AUDITED""}"
"C26","26","Healthcare affordability","Tax, cost and financial conditions","Out-of-pocket spending, insurance burden and financial-protection risk.","IC | SC","NATIONAL_WITH_CITY_CAVEAT","national","WHO | World Bank | national health accounts","WHO GHO out-of-pocket share | catastrophic health spending | UHC financial protection | national insurance rules","E04","C3","UNCERTAIN","MEDIUM","STANDARD_SOCIOECONOMIC: 0–3y","MEDIUM","SCREENED_POSSIBLE","MEDIUM","27","BATCH_2","Aggregate out-of-pocket shares do not describe immigrant eligibility, premiums or point-of-care prices.","GRA_HOUSEHOLD_SCENARIO_REQUIRED | CMP_POPULATION_DIFFERS","{""measures"":""VERIFIED_FROM_USER_SEARCH_SPACE"",""publisher_dataset_family_existence"":""VERIFIED_WHERE_CITED; CANDIDATE_FIT_PRELIMINARY"",""comparability_coverage_freshness_licensing"":""PRELIMINARY_ESTIMATE_NOT_AUDITED""}"
"C27","27","Childcare and family-cost burden","Tax, cost and financial conditions","Childcare fees and other recurring family costs for representative households.","IC | SC | CR | LF","CITY_OR_REGIONAL","city/regional","OECD | UNICEF | national ministries/statistical offices | city providers","OECD net childcare costs | UNICEF family policies | official childcare fee/coverage schedules","","C2","NO","LOW","FAST_MOVING: latest 0–2y","HIGH","DEFERRED_CITY_LAYER","LOW",,,"Fees depend on age, city, income, subsidies and immigration status; OECD-style comparisons do not approach global coverage.","GRA_CITY_LEVEL_REQUIRED | GRA_HOUSEHOLD_SCENARIO_REQUIRED | COV_BELOW_90_PERCENT","{""measures"":""VERIFIED_FROM_USER_SEARCH_SPACE"",""publisher_dataset_family_existence"":""PRELIMINARY_HYPOTHESIS"",""comparability_coverage_freshness_licensing"":""PRELIMINARY_ESTIMATE_NOT_AUDITED""}"
"C28","28","Savings and disposable-income potential","Tax, cost and financial conditions","Net income remaining after taxes and essential household costs.","IC | SC | DO | CR | LF","NATIONAL_WITH_CITY_CAVEAT","profile-derived","Derived from approved earnings, tax, housing, health and childcare components","Profile calculator | no independent dataset","","C1","N/A","N/A","Derived from component vintages","HIGH","DEFERRED_PROFILE_LAYER","LOW",,,"This is a profile-derived composite with shared inputs and scenario weights, not an independent criterion.","PRF_PROFILE_ONLY | RED_SHARED_COMPONENTS | SCO_COMPOSITE_WEIGHTS_ARBITRARY","{""measures"":""VERIFIED_FROM_USER_SEARCH_SPACE"",""publisher_dataset_family_existence"":""PRELIMINARY_HYPOTHESIS"",""comparability_coverage_freshness_licensing"":""PRELIMINARY_ESTIMATE_NOT_AUDITED""}"
"C29","29","Currency and macroeconomic stability","Tax, cost and financial conditions","Inflation, exchange-rate volatility and broad macro/sovereign stability.","IC | SC","NATIONAL","national","IMF | World Bank | BIS | national central banks","IMF WEO/IFS | World Bank WDI inflation/exchange rates | sovereign risk only as supplement","E10","C4","YES","HIGH","FAST_MOVING: monthly/biannual, latest 0–1y","MEDIUM","SCREENED_PROMISING","MEDIUM","28","BATCH_2","A transparent small indicator set is preferable to a proprietary sovereign-risk composite.","LIC_AMBIGUOUS | SCO_COMPOSITE_WEIGHTS_ARBITRARY","{""measures"":""VERIFIED_FROM_USER_SEARCH_SPACE"",""publisher_dataset_family_existence"":""VERIFIED_WHERE_CITED; CANDIDATE_FIT_PRELIMINARY"",""comparability_coverage_freshness_licensing"":""PRELIMINARY_ESTIMATE_NOT_AUDITED""}"
"C30","30","Existing immigrant share","Migration, visa and settlement","International migrant or foreign-born stock as a share of resident population.","IC","NATIONAL","national","UN DESA Population Division | World Bank representation | national censuses","International Migrant Stock 2024 total destination and population denominator","E03","C3","YES","FULL","SLOW_STRUCTURAL: 2024 edition; census-driven updates","MEDIUM","SCREENED_PROMISING","HIGH","10","BATCH_1","The source mixes country-of-birth and citizenship definitions and many 2024 values are extrapolated.","CMP_DEFINITION_DIFFERS | CMP_IMPUTED_VALUES_REQUIRED","{""measures"":""VERIFIED_FROM_USER_SEARCH_SPACE"",""publisher_dataset_family_existence"":""VERIFIED_WHERE_CITED; CANDIDATE_FIT_PRELIMINARY"",""comparability_coverage_freshness_licensing"":""PRELIMINARY_ESTIMATE_NOT_AUDITED""}"
"C31","31","Immigrant community depth","Migration, visa and settlement","Size, origin diversity and local concentration of established migrant communities.","IC | SC | CR | LF","CITY_OR_REGIONAL","city/regional","UN DESA | national censuses/statistical offices","UN migrant stock by origin/destination | census foreign-born by origin | city population tables","E03","C3","UNCERTAIN","MEDIUM","SLOW_STRUCTURAL: census/2024 stock","MEDIUM","DEFERRED_CITY_LAYER","LOW",,,"Origin-specific usefulness and city concentration make a single national diversity score weak.","GRA_ORIGIN_SPECIFIC | GRA_CITY_LEVEL_REQUIRED | SCO_NO_CLEAR_DIRECTION","{""measures"":""VERIFIED_FROM_USER_SEARCH_SPACE"",""publisher_dataset_family_existence"":""VERIFIED_WHERE_CITED; CANDIDATE_FIT_PRELIMINARY"",""comparability_coverage_freshness_licensing"":""PRELIMINARY_ESTIMATE_NOT_AUDITED""}"
"C32","32","Skilled-work visa accessibility","Migration, visa and settlement","Accessibility of skilled-worker routes under a fixed worker profile and policy date.","IC | SC | LF","NATIONAL","profile-derived","National immigration authorities | EU Immigration Portal | OECD/ILO as cross-checks","Official visa statutes, occupation lists, salary thresholds, quotas, processing guidance","","C2","NO","LOW","CURRENT_POLICY: current as-of snapshot","HIGH","SCREENED_POSSIBLE","HIGH","2","BATCH_1","No global ready-made dataset; eligibility depends on occupation, salary, origin, sponsor and changing rules.","GRA_ORIGIN_SPECIFIC | GRA_PROFESSION_SPECIFIC | OPS_EXCESSIVE_MANUAL_MAINTENANCE | COV_BELOW_90_PERCENT","{""measures"":""VERIFIED_FROM_USER_SEARCH_SPACE"",""publisher_dataset_family_existence"":""PRELIMINARY_HYPOTHESIS"",""comparability_coverage_freshness_licensing"":""PRELIMINARY_ESTIMATE_NOT_AUDITED""}"
"C33","33","Permanent-residency accessibility","Migration, visa and settlement","Time, eligibility and predictability of permanent residence under defined scenarios.","IC | SC | LF","NATIONAL","profile-derived","National immigration authorities | EU Immigration Portal | OECD","Official residence statutes/guidance | long-term residence rules | policy coding","","C2","NO","LOW","CURRENT_POLICY: current as-of snapshot","HIGH","SCREENED_POSSIBLE","HIGH","3","BATCH_1","PR eligibility is route-, origin- and family-dependent and needs maintained legal coding.","GRA_ORIGIN_SPECIFIC | PRF_PROFILE_ONLY | OPS_EXCESSIVE_MANUAL_MAINTENANCE","{""measures"":""VERIFIED_FROM_USER_SEARCH_SPACE"",""publisher_dataset_family_existence"":""PRELIMINARY_HYPOTHESIS"",""comparability_coverage_freshness_licensing"":""PRELIMINARY_ESTIMATE_NOT_AUDITED""}"
"C34","34","Citizenship accessibility","Migration, visa and settlement","Time and restrictions for naturalisation, including dual citizenship and tests.","IC | SC | LF","NATIONAL","national","National citizenship authorities | UNHCR/Global Citizenship Observatory | OECD","Official nationality laws | GLOBALCIT modes/law databases | dual-citizenship rules","","C3","UNCERTAIN","MEDIUM","STATIC_OR_LEGAL_ASOF: current","HIGH","SCREENED_POSSIBLE","MEDIUM","19","BATCH_2","Formal law is codable, but discretion, residence counting and policy updates complicate a scalar score.","CMP_LEGAL_NOT_LIVED_OUTCOME | OPS_EXCESSIVE_MANUAL_MAINTENANCE","{""measures"":""VERIFIED_FROM_USER_SEARCH_SPACE"",""publisher_dataset_family_existence"":""PRELIMINARY_HYPOTHESIS"",""comparability_coverage_freshness_licensing"":""PRELIMINARY_ESTIMATE_NOT_AUDITED""}"
"C35","35","Post-study migration pathway","Migration, visa and settlement","Ability of international graduates to stay, work and transition after study.","IC | SC | LF","NATIONAL","profile-derived","National immigration authorities | OECD | UNESCO/OECD student-mobility systems","Official post-study work rules | OECD retention indicators | student-to-work transition rules","E01","C2","NO","LOW","CURRENT_POLICY: current as-of snapshot","HIGH","SCREENED_POSSIBLE","MEDIUM","17","BATCH_2","Pathways depend on credential level, institution, occupation and policy date.","GRA_PROFESSION_SPECIFIC | PRF_PROFILE_ONLY | COV_BELOW_90_PERCENT","{""measures"":""VERIFIED_FROM_USER_SEARCH_SPACE"",""publisher_dataset_family_existence"":""VERIFIED_WHERE_CITED; CANDIDATE_FIT_PRELIMINARY"",""comparability_coverage_freshness_licensing"":""PRELIMINARY_ESTIMATE_NOT_AUDITED""}"
"C36","36","Family reunification support","Migration, visa and settlement","Ability to sponsor spouses, children, parents and other dependants.","IC | SC | LF","NATIONAL","profile-derived","National immigration authorities | EU Immigration Portal | OECD","Official family-reunification statutes, sponsor thresholds, waiting periods and dependant work rights","","C2","NO","LOW","CURRENT_POLICY: current as-of snapshot","HIGH","SCREENED_POSSIBLE","MEDIUM","18","BATCH_2","Family definitions, income thresholds and sponsor status differ materially; parent sponsorship is especially non-comparable.","GRA_HOUSEHOLD_SCENARIO_REQUIRED | GRA_ORIGIN_SPECIFIC | OPS_EXCESSIVE_MANUAL_MAINTENANCE","{""measures"":""VERIFIED_FROM_USER_SEARCH_SPACE"",""publisher_dataset_family_existence"":""PRELIMINARY_HYPOTHESIS"",""comparability_coverage_freshness_licensing"":""PRELIMINARY_ESTIMATE_NOT_AUDITED""}"
"C37","37","Government stance toward immigrants","Migration, visa and settlement","Formal immigration-policy direction, integration supports and stability of migrant access.","IC | SC | DO | LF","NATIONAL","national","UN DESA | OECD | national governments | MIPEX research consortium","UN World Population Policies | OECD integration indicators | MIPEX | legal anti-discrimination components","","C2","NO","MEDIUM","CURRENT_POLICY/SLOW_STRUCTURAL","HIGH","SCREENED_LOW_FEASIBILITY","LOW",,,"It conflates policy intent, rights, implementation and attitudes; leading indexes have limited coverage or licensing uncertainty.","SEM_QUESTION_TOO_BROAD | COV_BELOW_90_PERCENT | CMP_LEGAL_NOT_LIVED_OUTCOME","{""measures"":""VERIFIED_FROM_USER_SEARCH_SPACE"",""publisher_dataset_family_existence"":""PRELIMINARY_HYPOTHESIS"",""comparability_coverage_freshness_licensing"":""PRELIMINARY_ESTIMATE_NOT_AUDITED""}"
"C38","38","Professional-licensing accessibility for immigrants","Migration, visa and settlement","Ease of foreign-qualification recognition and entry to a specified regulated profession.","IC | SC | LF","NATIONAL","profile-derived","National professional regulators | WHO | UNESCO/ENIC-NARIC | OECD","Official licensing rules | WHO health-worker regulation | recognition databases | profession-specific pathways","E04","C2","NO","LOW","CURRENT_POLICY: current as-of snapshot","HIGH","SCREENED_POSSIBLE","MEDIUM","16","BATCH_2","Origin, profession, credential and language dependence prevent a universal score; deep research should test scenario templates.","GRA_ORIGIN_SPECIFIC | GRA_PROFESSION_SPECIFIC | PRF_PROFILE_ONLY","{""measures"":""VERIFIED_FROM_USER_SEARCH_SPACE"",""publisher_dataset_family_existence"":""VERIFIED_WHERE_CITED; CANDIDATE_FIT_PRELIMINARY"",""comparability_coverage_freshness_licensing"":""PRELIMINARY_ESTIMATE_NOT_AUDITED""}"
"C39","39","Visa and immigration processing efficiency","Migration, visa and settlement","Transparency, speed and predictability of visa/immigration administration.","IC | SC | LF","NATIONAL","national","National immigration authorities | OECD | audit/ombudsman bodies","Official service standards and processing-time dashboards | refusal data | digitisation indicators","","C2","NO","LOW","CURRENT_POLICY: current/quarterly","HIGH","SCREENED_LOW_FEASIBILITY","LOW",,,"Published clocks use different case types and exclude paused/incomplete cases; rejection rates reflect applicant mix.","CMP_DEFINITION_DIFFERS | COV_BELOW_90_PERCENT | OPS_EXCESSIVE_MANUAL_MAINTENANCE","{""measures"":""VERIFIED_FROM_USER_SEARCH_SPACE"",""publisher_dataset_family_existence"":""PRELIMINARY_HYPOTHESIS"",""comparability_coverage_freshness_licensing"":""PRELIMINARY_ESTIMATE_NOT_AUDITED""}"
"C40","40","English usability","Language, culture and integration","Extent to which work, education, health, government and daily life can be navigated in English.","IC | CR","NATIONAL_WITH_CITY_CAVEAT","city/regional","National census/statistical offices | UNESCO | EF for discovery","Census language ability/use | official-language law | education language | EF EPI only as discovery","","C2","NO","MEDIUM","SLOW_STRUCTURAL: census plus current legal status","HIGH","SCREENED_POSSIBLE","HIGH","8","BATCH_1","Commercial proficiency rankings are not enough; usability varies strongly by city and domain.","GRA_CITY_LEVEL_REQUIRED | LIC_AMBIGUOUS | CMP_SURVEY_NOT_HARMONISED","{""measures"":""VERIFIED_FROM_USER_SEARCH_SPACE"",""publisher_dataset_family_existence"":""PRELIMINARY_HYPOTHESIS"",""comparability_coverage_freshness_licensing"":""PRELIMINARY_ESTIMATE_NOT_AUDITED""}"
"C41","41","Local-language difficulty and learning burden","Language, culture and integration","User-specific burden of learning and needing the local language.","IC | SC | PF","PREFERENCE_MODEL","preference-based","Official language sources | linguistic research | FSI-style difficulty evidence","Official-language requirements | script/linguistic distance | training availability","","C1","N/A","N/A","STATIC with policy updates","MEDIUM","DEFERRED_PROFILE_LAYER","LOW",,,"Difficulty depends on the user's known languages, profession and destination; no universal direction exists.","PRF_PREFERENCE_MATCH_REQUIRED | GRA_ORIGIN_SPECIFIC | SCO_NO_CLEAR_DIRECTION","{""measures"":""VERIFIED_FROM_USER_SEARCH_SPACE"",""publisher_dataset_family_existence"":""PRELIMINARY_HYPOTHESIS"",""comparability_coverage_freshness_licensing"":""PRELIMINARY_ESTIMATE_NOT_AUDITED""}"
"C42","42","Social inclusion and acceptance of immigrants","Language, culture and integration","Surveyed acceptance of immigrants, discrimination experience and social trust.","IC | SC | CR | LF","NATIONAL_WITH_CITY_CAVEAT","national","Gallup | World Values Survey | regional barometers | OECD","World Poll migrant acceptance | WVS/EVS attitudes | OECD integration survey indicators | discrimination surveys","","C2","NO","MEDIUM","SLOW_STRUCTURAL: survey waves 2–5y","HIGH","SCREENED_POSSIBLE","MEDIUM","41",,"Global surveys differ in years and samples, and small states are often absent; lived experience varies locally.","CMP_SURVEY_NOT_HARMONISED | COV_BELOW_90_PERCENT | LIC_AMBIGUOUS","{""measures"":""VERIFIED_FROM_USER_SEARCH_SPACE"",""publisher_dataset_family_existence"":""PRELIMINARY_HYPOTHESIS"",""comparability_coverage_freshness_licensing"":""PRELIMINARY_ESTIMATE_NOT_AUDITED""}"
"C43","43","Cultural openness and diversity","Language, culture and integration","Religious, ethnic, cultural and lifestyle diversity and practical openness.","IC | SC | DO | CR | LF","NATIONAL_WITH_CITY_CAVEAT","city/regional","UN agencies | WVS/regional surveys | national censuses | rights datasets","Census diversity | religious freedom | attitude surveys | migration diversity components","","C1","NO","MEDIUM","SLOW_STRUCTURAL: mixed waves","HIGH","SCREENED_LOW_FEASIBILITY","LOW",,,"The construct mixes diversity, tolerance and freedom; direction and weights are contestable and city effects large.","SEM_QUESTION_TOO_BROAD | SCO_NO_CLEAR_DIRECTION | GRA_CITY_LEVEL_REQUIRED","{""measures"":""VERIFIED_FROM_USER_SEARCH_SPACE"",""publisher_dataset_family_existence"":""PRELIMINARY_HYPOTHESIS"",""comparability_coverage_freshness_licensing"":""PRELIMINARY_ESTIMATE_NOT_AUDITED""}"
"C44","44","Gender equality","Language, culture and integration","Legal and economic equality for women.","IC | DO","NATIONAL","unsuitable independent","World Bank Women, Business and the Law","WBL 2026 legal, supportive-framework and enforcement-perception pillars","E08","C4","YES","FULL","STATIC_OR_LEGAL_ASOF: 2025-10-01","LOW","DEFERRED","NO FURTHER WORK",,,"Already represented in Konsider; monitor the verified WBL source rather than duplicate research.","RED_EXISTING_CRITERION","{""measures"":""VERIFIED_FROM_USER_SEARCH_SPACE"",""publisher_dataset_family_existence"":""VERIFIED_WHERE_CITED; CANDIDATE_FIT_PRELIMINARY"",""comparability_coverage_freshness_licensing"":""PRELIMINARY_ESTIMATE_NOT_AUDITED""}"
"C45","45","LGBTQ+ legal and social inclusion","Language, culture and integration","Legal protection, recognition and safety for LGBTQ+ people.","IC | SC","NATIONAL","national","UN human-rights bodies | ILGA World | national legal authorities","ILGA Laws on Us/Database | UN legal findings | official statutes","E16","C3","YES","HIGH","STATIC_OR_LEGAL_ASOF: current legal snapshot","HIGH","SCREENED_POSSIBLE","MEDIUM","42",,"ILGA has strong scope but its 2024 report is CC BY-NC; social acceptance/safety needs separate survey evidence.","LIC_NONCOMMERCIAL_ONLY | CMP_LEGAL_NOT_LIVED_OUTCOME","{""measures"":""VERIFIED_FROM_USER_SEARCH_SPACE"",""publisher_dataset_family_existence"":""VERIFIED_WHERE_CITED; CANDIDATE_FIT_PRELIMINARY"",""comparability_coverage_freshness_licensing"":""PRELIMINARY_ESTIMATE_NOT_AUDITED""}"
"C46","46","Violent-crime and homicide safety","Safety, health and public services","Intentional-homicide risk, with broader violence only where genuinely comparable.","IC | DO","NATIONAL","unsuitable independent","World Bank WDI/UNODC | national justice systems","WDI intentional homicide series | UNODC homicide data","","C4","YES","FULL","STANDARD_SOCIOECONOMIC: latest approved year","MEDIUM","DEFERRED","NO FURTHER WORK",,,"Homicide is already represented; reported violent crime should not be appended without comparability evidence.","RED_EXISTING_CRITERION | CMP_REPORTING_CAPACITY_BIAS","{""measures"":""VERIFIED_FROM_USER_SEARCH_SPACE"",""publisher_dataset_family_existence"":""PRELIMINARY_HYPOTHESIS"",""comparability_coverage_freshness_licensing"":""PRELIMINARY_ESTIMATE_NOT_AUDITED""}"
"C47","47","Property-crime and everyday safety","Safety, health and public services","Day-to-day risk of theft, burglary, robbery, fraud and victimisation.","IC | SC | CR | LF","CITY_OR_REGIONAL","city/regional","UNODC | national police | harmonised victimisation surveys | city safety surveys","UN-CTS recorded crime | victimisation surveys | police open data","","C1","NO","LOW","FAST_MOVING: 0–2y desirable","HIGH","DEFERRED_CITY_LAYER","LOW",,,"Recorded crime is dominated by reporting/legal differences; globally harmonised victim surveys and city coverage are sparse.","CMP_REPORTING_CAPACITY_BIAS | COV_BELOW_90_PERCENT | GRA_CITY_LEVEL_REQUIRED","{""measures"":""VERIFIED_FROM_USER_SEARCH_SPACE"",""publisher_dataset_family_existence"":""PRELIMINARY_HYPOTHESIS"",""comparability_coverage_freshness_licensing"":""PRELIMINARY_ESTIMATE_NOT_AUDITED""}"
"C48","48","Political stability and civil peace","Safety, health and public services","Conflict, political violence, unrest and continuity of normal civic life.","IC | SC","NATIONAL","national","World Bank | UN | EU/JRC | UCDP/ACLED research sources","WGI Political Stability | INFORM human hazard | UCDP conflict data | official travel/security alerts","E07 | E14","C3","YES","HIGH","SLOW_STRUCTURAL/EVENT_RISK_MODEL: annual/current edition","MEDIUM","SCREENED_PROMISING","MEDIUM","29","BATCH_2","WGI is perception-based and conflict-event data may have licensing or reporting asymmetries.","CMP_MODEL_ASSUMPTIONS_OPAQUE | LIC_AMBIGUOUS","{""measures"":""VERIFIED_FROM_USER_SEARCH_SPACE"",""publisher_dataset_family_existence"":""VERIFIED_WHERE_CITED; CANDIDATE_FIT_PRELIMINARY"",""comparability_coverage_freshness_licensing"":""PRELIMINARY_ESTIMATE_NOT_AUDITED""}"
"C49","49","Rule of law and institutional trust","Safety, health and public services","Rule of law, corruption control, judicial confidence and institutional performance.","IC | SC","NATIONAL","national","World Bank | UN | World Justice Project for discovery","WGI Rule of Law/Control of Corruption/Government Effectiveness | UN SDG16 indicators","E07","C3","YES","FULL","SLOW_STRUCTURAL: annual, through 2024","MEDIUM","SCREENED_PROMISING","MEDIUM","30","BATCH_2","WGI is a composite of perceptions with margins of error; institutional trust is not identical to rule of law.","SEM_QUESTION_TOO_BROAD | SCO_UNCERTAINTY_TOO_HIGH","{""measures"":""VERIFIED_FROM_USER_SEARCH_SPACE"",""publisher_dataset_family_existence"":""VERIFIED_WHERE_CITED; CANDIDATE_FIT_PRELIMINARY"",""comparability_coverage_freshness_licensing"":""PRELIMINARY_ESTIMATE_NOT_AUDITED""}"
"C50","50","Healthcare system capacity and quality","Safety, health and public services","Health-service capacity, coverage and quality using workforce, service and outcome indicators.","IC | DO","NATIONAL_WITH_CITY_CAVEAT","national","WHO | World Bank | IHME as research supplement","WHO GHO/UHC service coverage, workforce and beds | avoidable mortality | World Bank indicators","E04","C3","UNCERTAIN","MEDIUM","STANDARD_SOCIOECONOMIC: 0–3y","MEDIUM","SCREENED_POSSIBLE","HIGH","7","BATCH_1","No single indicator captures access, quality and waiting time; mixed years and modelled values are likely.","SEM_QUESTION_TOO_BROAD | FRS_MIXED_REFERENCE_PERIODS | CMP_IMPUTED_VALUES_REQUIRED","{""measures"":""VERIFIED_FROM_USER_SEARCH_SPACE"",""publisher_dataset_family_existence"":""VERIFIED_WHERE_CITED; CANDIDATE_FIT_PRELIMINARY"",""comparability_coverage_freshness_licensing"":""PRELIMINARY_ESTIMATE_NOT_AUDITED""}"
"C51","51","Emergency-care readiness","Safety, health and public services","Ambulance access, trauma/emergency capacity and response readiness.","IC | SC | CR | LF","CITY_OR_REGIONAL","city/regional","WHO | national emergency/health authorities | disaster agencies","WHO emergency-care system assessments | ambulance/trauma registries | Joint External Evaluation components","E04","C2","NO","LOW","STANDARD_SOCIOECONOMIC: irregular assessments","HIGH","DEFERRED_CITY_LAYER","LOW",,,"Global emergency-care assessments are sparse and national averages cannot represent response time.","COV_BELOW_90_PERCENT | GRA_CITY_LEVEL_REQUIRED","{""measures"":""VERIFIED_FROM_USER_SEARCH_SPACE"",""publisher_dataset_family_existence"":""VERIFIED_WHERE_CITED; CANDIDATE_FIT_PRELIMINARY"",""comparability_coverage_freshness_licensing"":""PRELIMINARY_ESTIMATE_NOT_AUDITED""}"
"C52","52","Air pollution","Safety, health and public services","Population-weighted exposure to ambient PM2.5.","IC | DO","NATIONAL","unsuitable independent","World Bank/WHO | satellite-model consortia","WDI PM2.5 mean annual exposure","","C4","YES","FULL","STANDARD_SOCIOECONOMIC: latest approved model edition","LOW","DEFERRED","NO FURTHER WORK",,,"Already represented in Konsider; city exposure may be a later layer but not a duplicate national criterion.","RED_EXISTING_CRITERION","{""measures"":""VERIFIED_FROM_USER_SEARCH_SPACE"",""publisher_dataset_family_existence"":""PRELIMINARY_HYPOTHESIS"",""comparability_coverage_freshness_licensing"":""PRELIMINARY_ESTIMATE_NOT_AUDITED""}"
"C53","53","Water quality and sanitation","Safety, health and public services","Safely managed drinking water/sanitation access and related service quality.","IC | SC","NATIONAL_WITH_CITY_CAVEAT","national","WHO/UNICEF JMP | World Bank | national utilities","JMP safely managed drinking water, sanitation and hygiene | wastewater indicators","E06","C4","YES","HIGH","STANDARD_SOCIOECONOMIC: estimates through 2024","MEDIUM","SCREENED_PROMISING","MEDIUM","31",,"JMP access is broad, but continuity, taste/contaminants and migrant-city reliability are separate constructs.","SEM_QUESTION_TOO_BROAD | GRA_CITY_LEVEL_REQUIRED","{""measures"":""VERIFIED_FROM_USER_SEARCH_SPACE"",""publisher_dataset_family_existence"":""VERIFIED_WHERE_CITED; CANDIDATE_FIT_PRELIMINARY"",""comparability_coverage_freshness_licensing"":""PRELIMINARY_ESTIMATE_NOT_AUDITED""}"
"C54","54","Food safety and public-health protection","Safety, health and public services","Strength of food regulation, inspection and outbreak prevention/response.","IC | SC | LF","NATIONAL","national","WHO | FAO | national food-safety authorities","WHO IHR capacities | Codex participation | foodborne disease estimates | official inspection systems","E04","C2","NO","MEDIUM","STANDARD_SOCIOECONOMIC: irregular/annual mixed","HIGH","SCREENED_LOW_FEASIBILITY","LOW",,,"Inputs and outbreak counts reflect surveillance capacity; comparable inspection-performance data are fragmented.","CMP_REPORTING_CAPACITY_BIAS | COV_BELOW_90_PERCENT","{""measures"":""VERIFIED_FROM_USER_SEARCH_SPACE"",""publisher_dataset_family_existence"":""VERIFIED_WHERE_CITED; CANDIDATE_FIT_PRELIMINARY"",""comparability_coverage_freshness_licensing"":""PRELIMINARY_ESTIMATE_NOT_AUDITED""}"
"C55","55","Mental-health support","Safety, health and public services","Availability, affordability and acceptability of mental-health services.","IC | SC | CR | LF","CITY_OR_REGIONAL","city/regional","WHO | national health systems | IHME","WHO Mental Health Atlas | provider density | service coverage | financial protection","E04","C2","NO","MEDIUM","STANDARD_SOCIOECONOMIC: periodic 2–5y","MEDIUM","DEFERRED_CITY_LAYER","LOW",,,"Provider counts do not measure affordability or stigma, and access is local with substantial missingness.","COV_BELOW_90_PERCENT | GRA_CITY_LEVEL_REQUIRED | SEM_QUESTION_TOO_BROAD","{""measures"":""VERIFIED_FROM_USER_SEARCH_SPACE"",""publisher_dataset_family_existence"":""VERIFIED_WHERE_CITED; CANDIDATE_FIT_PRELIMINARY"",""comparability_coverage_freshness_licensing"":""PRELIMINARY_ESTIMATE_NOT_AUDITED""}"
"C56","56","Electricity access and reliability","Infrastructure and daily-life reliability","Household electricity access plus outage frequency/duration and reliability.","IC | SC | DO","NATIONAL_WITH_CITY_CAVEAT","national","World Bank | IEA | national regulators/utilities | Enterprise Surveys","WDI electricity access | Enterprise Surveys outages | SAIDI/SAIFI | RISE policy indicators","","C2","NO","MEDIUM","STANDARD_SOCIOECONOMIC: 0–3y","MEDIUM","SCREENED_POSSIBLE","HIGH","13","BATCH_1","Access is near-global, but outage metrics lack harmonised 90% coverage; current experimental composite overlaps access.","COV_BELOW_90_PERCENT | CMP_DEFINITION_DIFFERS | RED_EXISTING_CRITERION","{""measures"":""VERIFIED_FROM_USER_SEARCH_SPACE"",""publisher_dataset_family_existence"":""PRELIMINARY_HYPOTHESIS"",""comparability_coverage_freshness_licensing"":""PRELIMINARY_ESTIMATE_NOT_AUDITED""}"
"C57","57","Water-supply reliability","Infrastructure and daily-life reliability","Continuity, shortage risk and resilience of household/urban water supply.","IC | SC | CR | LF","CITY_OR_REGIONAL","city/regional","WHO/UNICEF JMP | national utilities | World Bank | WRI for stress","JMP availability-when-needed | utility continuity | water stress/drought indicators","E06","C2","NO","MEDIUM","STANDARD/EVENT_RISK: 0–3y","HIGH","DEFERRED_CITY_LAYER","MEDIUM","32",,"JMP access does not ensure 24/7 supply; utility-level continuity is not globally standardised.","GRA_CITY_LEVEL_REQUIRED | COV_BELOW_90_PERCENT | CMP_DEFINITION_DIFFERS","{""measures"":""VERIFIED_FROM_USER_SEARCH_SPACE"",""publisher_dataset_family_existence"":""VERIFIED_WHERE_CITED; CANDIDATE_FIT_PRELIMINARY"",""comparability_coverage_freshness_licensing"":""PRELIMINARY_ESTIMATE_NOT_AUDITED""}"
"C58","58","Internet access, speed, and reliability","Infrastructure and daily-life reliability","Internet adoption, mobile/fixed coverage, performance, affordability and reliability.","IC | SC | DO","NATIONAL_WITH_CITY_CAVEAT","national","ITU | World Bank | national telecom regulators | measurement firms for speed","ITU DataHub/IDI components | WDI internet use | regulator QoS | Ookla/M-Lab for discovery","E05","C3","YES","HIGH","FAST_MOVING: annual/near-current","MEDIUM","SCREENED_PROMISING","HIGH","12","BATCH_1","ITU access/coverage is broad, but speed/outage measures may be commercial or incomplete; avoid duplicating the existing composite.","LIC_AMBIGUOUS | RED_EXISTING_CRITERION","{""measures"":""VERIFIED_FROM_USER_SEARCH_SPACE"",""publisher_dataset_family_existence"":""VERIFIED_WHERE_CITED; CANDIDATE_FIT_PRELIMINARY"",""comparability_coverage_freshness_licensing"":""PRELIMINARY_ESTIMATE_NOT_AUDITED""}"
"C59","59","Transport and logistics infrastructure","Infrastructure and daily-life reliability","Road, rail, port, airport and trade-logistics performance.","IC | SC | DO","NATIONAL_WITH_CITY_CAVEAT","national","World Bank | UN transport agencies | national infrastructure ministries","Logistics Performance Index | WDI transport | UN road/rail/aviation/port indicators","E18","C3","NO","MEDIUM","SLOW_STRUCTURAL: LPI 2023/other annual","MEDIUM","SCREENED_LOW_FEASIBILITY","LOW",,,"LPI has limited country coverage and is perception-based; a broad composite would overlap existing infrastructure readiness.","COV_BELOW_90_PERCENT | RED_EXISTING_CRITERION | SEM_QUESTION_TOO_BROAD","{""measures"":""VERIFIED_FROM_USER_SEARCH_SPACE"",""publisher_dataset_family_existence"":""VERIFIED_WHERE_CITED; CANDIDATE_FIT_PRELIMINARY"",""comparability_coverage_freshness_licensing"":""PRELIMINARY_ESTIMATE_NOT_AUDITED""}"
"C60","60","Urban public transport","Infrastructure and daily-life reliability","Coverage, affordability, safety and reliability of public transport in destination cities.","IC | SC | CR | LF","CITY_OR_REGIONAL","city/regional","UN-Habitat | city transit agencies | GTFS publishers | OECD/ITF","SDG 11.2.1 | GTFS feeds | city route/stop/service data | fare schedules","","C3","NO","LOW","FAST_MOVING: current feeds/annual","HIGH","DEFERRED_CITY_LAYER","LOW",,,"Country scores are invalid; a fixed city universe and reusable feed policy are prerequisites.","GRA_CITY_LEVEL_REQUIRED | COV_BELOW_90_PERCENT | LIC_AMBIGUOUS","{""measures"":""VERIFIED_FROM_USER_SEARCH_SPACE"",""publisher_dataset_family_existence"":""PRELIMINARY_HYPOTHESIS"",""comparability_coverage_freshness_licensing"":""PRELIMINARY_ESTIMATE_NOT_AUDITED""}"
"C61","61","International connectivity","Infrastructure and daily-life reliability","Direct-flight access, airport connectivity and travel time to relevant origins/centres.","IC | SC | CR | LF","CITY_OR_REGIONAL","city/regional","ICAO | IATA/OAG for discovery | airport authorities | OpenFlights for discovery","ICAO air transport statistics | scheduled route data | airport connectivity indexes","","C3","NO","MEDIUM","FAST_MOVING: seasonal/monthly","HIGH","DEFERRED_CITY_LAYER","LOW",,,"Route schedules are city/airport and origin-specific; comprehensive timetable data are usually commercial.","GRA_CITY_LEVEL_REQUIRED | GRA_ORIGIN_SPECIFIC | LIC_REDISTRIBUTION_RESTRICTED","{""measures"":""VERIFIED_FROM_USER_SEARCH_SPACE"",""publisher_dataset_family_existence"":""PRELIMINARY_HYPOTHESIS"",""comparability_coverage_freshness_licensing"":""PRELIMINARY_ESTIMATE_NOT_AUDITED""}"
"C62","62","Digital-government readiness","Infrastructure and daily-life reliability","Availability and maturity of online services, digital ID and digital public administration.","IC | SC","NATIONAL","national","UN DESA | World Bank | ITU | OECD","UN E-Government Development Index/Online Service Index | World Bank GovTech Maturity Index | ID4D","E05","C3","YES","HIGH","SLOW_STRUCTURAL: biennial/current edition","MEDIUM","SCREENED_PROMISING","MEDIUM","33",,"Composite editions and weights require sensitivity review; user experience can diverge from formal availability.","SCO_COMPOSITE_WEIGHTS_ARBITRARY | CMP_LEGAL_NOT_LIVED_OUTCOME","{""measures"":""VERIFIED_FROM_USER_SEARCH_SPACE"",""publisher_dataset_family_existence"":""VERIFIED_WHERE_CITED; CANDIDATE_FIT_PRELIMINARY"",""comparability_coverage_freshness_licensing"":""PRELIMINARY_ESTIMATE_NOT_AUDITED""}"
"C63","63","Infrastructure readiness composite","Infrastructure and daily-life reliability","Combined digital and logistics readiness.","IC | DO","NATIONAL","unsuitable independent","Existing Konsider inputs | World Bank/ITU","Existing experimental infrastructure readiness composite","","C2","YES","FULL","Existing release cadence","LOW","DEFERRED","NO FURTHER WORK",,,"Already available experimentally; Phase 5 should research its components rather than duplicate the composite.","RED_EXISTING_CRITERION | RED_SHARED_COMPONENTS","{""measures"":""VERIFIED_FROM_USER_SEARCH_SPACE"",""publisher_dataset_family_existence"":""PRELIMINARY_HYPOTHESIS"",""comparability_coverage_freshness_licensing"":""PRELIMINARY_ESTIMATE_NOT_AUDITED""}"
"C64","64","Temperature comfort","Climate, environment and location","Climatological heat, cold, humidity and seasonal exposure at likely destinations.","IC | SC | CR | PF | LF","CITY_OR_REGIONAL","city/regional","Copernicus/ECMWF | World Bank CCKP | national meteorological agencies","ERA5/ERA5-Land normals | CCKP ERA5/CRU aggregations | humidity/heat-index metrics","E12 | E13","C4","YES","FULL","CLIMATE_NORMAL: fixed normal period/current dataset","LOW","DEFERRED_CITY_LAYER","LOW",,,"Global data are excellent, but national averages are misleading and comfort has no universal direction.","GRA_CITY_LEVEL_REQUIRED | PRF_PREFERENCE_MATCH_REQUIRED","{""measures"":""VERIFIED_FROM_USER_SEARCH_SPACE"",""publisher_dataset_family_existence"":""VERIFIED_WHERE_CITED; CANDIDATE_FIT_PRELIMINARY"",""comparability_coverage_freshness_licensing"":""PRELIMINARY_ESTIMATE_NOT_AUDITED""}"
"C65","65","Climate preference fit","Climate, environment and location","Match between a user's preferred warm/cold/dry/humid/four-season climate and destination conditions.","IC | SC | PF | LF","PREFERENCE_MODEL","preference-based","Copernicus/ECMWF | World Bank CCKP","Derived preference model over ERA5/CCKP temperature, precipitation and humidity","E12 | E13","C4","YES","FULL","CLIMATE_NORMAL","LOW","DEFERRED_PROFILE_LAYER","LOW",,,"Data coverage is strong, but this belongs in a transparent preference model, not a higher-is-better criterion.","PRF_PREFERENCE_MATCH_REQUIRED | PRF_PROFILE_ONLY","{""measures"":""VERIFIED_FROM_USER_SEARCH_SPACE"",""publisher_dataset_family_existence"":""VERIFIED_WHERE_CITED; CANDIDATE_FIT_PRELIMINARY"",""comparability_coverage_freshness_licensing"":""PRELIMINARY_ESTIMATE_NOT_AUDITED""}"
"C66","66","Extreme-weather risk","Climate, environment and location","Exposure to heatwaves, floods, storms, wildfire, drought and severe cold.","IC | SC | DO","NATIONAL_WITH_CITY_CAVEAT","national","EU/JRC INFORM | World Bank CCKP | WMO | UNDRR","INFORM hazard/exposure components | CCKP extreme indices | hazard-specific global datasets","E12 | E14","C3","YES","HIGH","EVENT_RISK_MODEL: current 2026/model edition","MEDIUM","SCREENED_PROMISING","HIGH","15","BATCH_1","Hazard components have different scales and city exposure; avoid double counting vulnerability/coping capacity.","SCO_COMPOSITE_WEIGHTS_ARBITRARY | GRA_CITY_LEVEL_REQUIRED","{""measures"":""VERIFIED_FROM_USER_SEARCH_SPACE"",""publisher_dataset_family_existence"":""VERIFIED_WHERE_CITED; CANDIDATE_FIT_PRELIMINARY"",""comparability_coverage_freshness_licensing"":""PRELIMINARY_ESTIMATE_NOT_AUDITED""}"
"C67","67","Long-term climate-change exposure","Climate, environment and location","Future physical exposure to sea-level rise, heat/water stress and ecosystem pressures.","IC | SC","NATIONAL_WITH_CITY_CAVEAT","national","World Bank CCKP | IPCC/WCRP CMIP | NASA/ESA | WRI as supplement","CCKP CMIP6 scenarios | sea-level projections | water-stress and heat-exposure datasets","E12","C3","YES","HIGH","EVENT_RISK_MODEL: current scenario/model edition","LOW","SCREENED_PROMISING","MEDIUM","34",,"Results depend on scenario, horizon, model ensemble and population exposure assumptions.","CMP_MODEL_ASSUMPTIONS_OPAQUE | SCO_NO_DEFENSIBLE_THRESHOLDS","{""measures"":""VERIFIED_FROM_USER_SEARCH_SPACE"",""publisher_dataset_family_existence"":""VERIFIED_WHERE_CITED; CANDIDATE_FIT_PRELIMINARY"",""comparability_coverage_freshness_licensing"":""PRELIMINARY_ESTIMATE_NOT_AUDITED""}"
"C68","68","Natural-disaster risk","Climate, environment and location","Expected loss/exposure from geophysical and weather-related natural hazards.","IC | SC | DO","NATIONAL_WITH_CITY_CAVEAT","national","EU/JRC INFORM | UNDRR | World Bank | GEM/USGS","INFORM natural hazard/exposure | Global Assessment Report datasets | global earthquake/cyclone/flood layers","E14","C3","YES","HIGH","EVENT_RISK_MODEL: 2026/current edition","MEDIUM","SCREENED_PROMISING","MEDIUM","35",,"Overlaps extreme-weather risk; geophysical hazards should be separable and composite weights tested.","RED_CANDIDATE_OVERLAP | SCO_COMPOSITE_WEIGHTS_ARBITRARY","{""measures"":""VERIFIED_FROM_USER_SEARCH_SPACE"",""publisher_dataset_family_existence"":""VERIFIED_WHERE_CITED; CANDIDATE_FIT_PRELIMINARY"",""comparability_coverage_freshness_licensing"":""PRELIMINARY_ESTIMATE_NOT_AUDITED""}"
"C69","69","Environmental quality beyond PM2.5","Climate, environment and location","Waste, water pollution, green space, noise, biodiversity and other environmental conditions.","IC | SC | DO | CR | LF","CITY_OR_REGIONAL","city/regional","UNEP | Yale/Columbia EPI consortium | WHO | city agencies","SDG environment indicators | EPI components | city green-space/noise/waste data","","C2","NO","MEDIUM","STANDARD_SOCIOECONOMIC: mixed 0–5y","HIGH","DEFERRED_CITY_LAYER","LOW",,,"The construct is too broad, city-sensitive and dependent on composite weighting; EPI licensing must be checked.","SEM_QUESTION_TOO_BROAD | GRA_CITY_LEVEL_REQUIRED | LIC_AMBIGUOUS","{""measures"":""VERIFIED_FROM_USER_SEARCH_SPACE"",""publisher_dataset_family_existence"":""PRELIMINARY_HYPOTHESIS"",""comparability_coverage_freshness_licensing"":""PRELIMINARY_ESTIMATE_NOT_AUDITED""}"
"C70","70","Climate resilience and adaptation readiness","Climate, environment and location","Institutional and infrastructure capacity to adapt to and recover from climate shocks.","IC | SC","NATIONAL_WITH_CITY_CAVEAT","national","EU/JRC INFORM | World Bank | UNDRR | ND-GAIN consortium","INFORM lack-of-coping-capacity | ND-GAIN readiness | adaptation policy indicators","E14","C3","YES","HIGH","EVENT_RISK_MODEL/SLOW_STRUCTURAL: annual edition","MEDIUM","SCREENED_PROMISING","MEDIUM","36",,"Readiness indexes are composite/modelled and overlap governance, infrastructure and disaster risk.","RED_SHARED_COMPONENTS | SCO_COMPOSITE_WEIGHTS_ARBITRARY","{""measures"":""VERIFIED_FROM_USER_SEARCH_SPACE"",""publisher_dataset_family_existence"":""VERIFIED_WHERE_CITED; CANDIDATE_FIT_PRELIMINARY"",""comparability_coverage_freshness_licensing"":""PRELIMINARY_ESTIMATE_NOT_AUDITED""}"
"C71","71","Work-life balance","Family, lifestyle and long-term liveability","Working hours, paid leave, parental leave and commute burden.","IC | SC | DO | CR | LF","NATIONAL_WITH_CITY_CAVEAT","national","ILO | OECD | national labour authorities","ILOSTAT actual hours | ILO NATLEX leave law | OECD work-life indicators | commute surveys","E02 | E15","C3","UNCERTAIN","MEDIUM","STANDARD/CURRENT_POLICY: 0–3y plus current law","HIGH","SCREENED_POSSIBLE","MEDIUM","37",,"Leave law is not take-up; commute is city-level and survey coverage is weak, so start with hours/leave components.","CMP_LEGAL_NOT_LIVED_OUTCOME | GRA_CITY_LEVEL_REQUIRED | COV_BELOW_90_PERCENT","{""measures"":""VERIFIED_FROM_USER_SEARCH_SPACE"",""publisher_dataset_family_existence"":""VERIFIED_WHERE_CITED; CANDIDATE_FIT_PRELIMINARY"",""comparability_coverage_freshness_licensing"":""PRELIMINARY_ESTIMATE_NOT_AUDITED""}"
"C72","72","Family friendliness","Family, lifestyle and long-term liveability","Family-support environment spanning leave, childcare, schools, safety and recreation.","IC | SC | DO | CR | LF","NATIONAL_WITH_CITY_CAVEAT","profile-derived","ILO | UNICEF | World Bank WBL | UNESCO | WHO","Parental-leave law | childcare support | school/health/safety component criteria","E08 | E01","C2","N/A","N/A","Derived from component vintages","HIGH","SCREENED_POSSIBLE","MEDIUM","38",,"This is best as a transparent family profile assembled from approved components, not a new opaque dataset.","PRF_PROFILE_ONLY | RED_SHARED_COMPONENTS | SCO_COMPOSITE_WEIGHTS_ARBITRARY","{""measures"":""VERIFIED_FROM_USER_SEARCH_SPACE"",""publisher_dataset_family_existence"":""VERIFIED_WHERE_CITED; CANDIDATE_FIT_PRELIMINARY"",""comparability_coverage_freshness_licensing"":""PRELIMINARY_ESTIMATE_NOT_AUDITED""}"
"C73","73","Quality of urban life","Family, lifestyle and long-term liveability","Urban public space, walkability, cleanliness, congestion, amenities and design.","IC | SC | DO | CR | LF","CITY_OR_REGIONAL","city/regional","UN-Habitat | city governments | satellite/open mapping providers","SDG 11 urban indicators | city prosperity | OpenStreetMap-derived amenities | congestion datasets","","C2","NO","LOW","STANDARD/FAST_MOVING mixed","HIGH","DEFERRED_CITY_LAYER","LOW",,,"Requires a city universe, geospatial methodology and multiple sources with uneven licensing.","GRA_CITY_LEVEL_REQUIRED | COV_BELOW_90_PERCENT | LIC_AMBIGUOUS","{""measures"":""VERIFIED_FROM_USER_SEARCH_SPACE"",""publisher_dataset_family_existence"":""PRELIMINARY_HYPOTHESIS"",""comparability_coverage_freshness_licensing"":""PRELIMINARY_ESTIMATE_NOT_AUDITED""}"
"C74","74","Recreation, culture, and leisure","Family, lifestyle and long-term liveability","Access to sports, arts, libraries, dining, nature and community activity.","IC | SC | CR | PF | LF","CITY_OR_REGIONAL","city/regional","UNESCO | city cultural agencies | open mapping | commercial POI providers","Cultural participation statistics | protected-area access | POI/amenity inventories","","C1","NO","LOW","STANDARD/FAST_MOVING mixed","HIGH","DEFERRED_CITY_LAYER","LOW",,,"Amenity value is preference-based, highly local and usually reliant on commercial or volunteered POI data.","GRA_CITY_LEVEL_REQUIRED | PRF_PREFERENCE_MATCH_REQUIRED | LIC_AMBIGUOUS","{""measures"":""VERIFIED_FROM_USER_SEARCH_SPACE"",""publisher_dataset_family_existence"":""PRELIMINARY_HYPOTHESIS"",""comparability_coverage_freshness_licensing"":""PRELIMINARY_ESTIMATE_NOT_AUDITED""}"
"C75","75","Religious freedom and freedom of expression","Family, lifestyle and long-term liveability","Formal and practical religious freedom, expression and civic participation.","IC | SC","NATIONAL","national","UN human-rights mechanisms | OHCHR | national law | V-Dem/Freedom House for research","UN treaty/UPR evidence | official constitutional law | V-Dem freedom indicators | WGI Voice","E07","C3","YES","HIGH","STATIC_OR_LEGAL_ASOF/SLOW_STRUCTURAL","MEDIUM","SCREENED_POSSIBLE","LOW",,,"Legal guarantees and lived freedom diverge; prominent indices mix expert judgments and may have reuse restrictions.","CMP_LEGAL_NOT_LIVED_OUTCOME | LIC_AMBIGUOUS","{""measures"":""VERIFIED_FROM_USER_SEARCH_SPACE"",""publisher_dataset_family_existence"":""VERIFIED_WHERE_CITED; CANDIDATE_FIT_PRELIMINARY"",""comparability_coverage_freshness_licensing"":""PRELIMINARY_ESTIMATE_NOT_AUDITED""}"
"C76","76","Social protection and welfare support","Family, lifestyle and long-term liveability","Eligibility and adequacy of unemployment, pension, disability and family benefits.","IC | SC","NATIONAL","profile-derived","ILO | World Bank | OECD | national social-security authorities","ILO World Social Protection Database | NATLEX | ASPIRE | OECD SOCX","E15","C3","UNCERTAIN","MEDIUM","STANDARD/CURRENT_POLICY mixed","HIGH","SCREENED_POSSIBLE","LOW",,,"Benefit access and value depend on contributions, residence, immigration status and household scenario.","PRF_PROFILE_ONLY | GRA_HOUSEHOLD_SCENARIO_REQUIRED | COV_BELOW_90_PERCENT","{""measures"":""VERIFIED_FROM_USER_SEARCH_SPACE"",""publisher_dataset_family_existence"":""VERIFIED_WHERE_CITED; CANDIDATE_FIT_PRELIMINARY"",""comparability_coverage_freshness_licensing"":""PRELIMINARY_ESTIMATE_NOT_AUDITED""}"
"C77","77","Retirement suitability","Family, lifestyle and long-term liveability","Combined suitability for older migrants: health, cost, pensions, residency, safety and lifestyle.","IC | SC | DO | PF | LF","NATIONAL_WITH_CITY_CAVEAT","profile-derived","Derived from approved component criteria | national retirement visa authorities","Profile composite plus official retirement-residence rules","","C1","N/A","N/A","Derived/current policy","HIGH","DEFERRED_PROFILE_LAYER","NO FURTHER WORK",,,"Overlaps C84 and combines incompatible profile inputs; retain only one retirement profile after component approval.","PRF_PROFILE_ONLY | RED_CANDIDATE_OVERLAP | RED_SHARED_COMPONENTS","{""measures"":""VERIFIED_FROM_USER_SEARCH_SPACE"",""publisher_dataset_family_existence"":""PRELIMINARY_HYPOTHESIS"",""comparability_coverage_freshness_licensing"":""PRELIMINARY_ESTIMATE_NOT_AUDITED""}"
"C78","78","Overall life satisfaction","Family, lifestyle and long-term liveability","Average self-reported life evaluation of residents.","IC | SC | DO | CR | PF | LF","NATIONAL_WITH_CITY_CAVEAT","national","Gallup | World Happiness Report | OECD as supplement","Gallup World Poll Cantril Ladder | WHR 2026 three-year averages","E17","C4","UNCERTAIN","MEDIUM","SLOW_STRUCTURAL: 2023–2025 average","HIGH","SCREENED_LOW_FEASIBILITY","LOW",,,"The measure is comparable but misses some small states, is an outcome rather than an actionable lever, and Gallup reuse terms need audit.","COV_BELOW_90_PERCENT | LIC_AMBIGUOUS | SEM_NOT_ACTIONABLE","{""measures"":""VERIFIED_FROM_USER_SEARCH_SPACE"",""publisher_dataset_family_existence"":""VERIFIED_WHERE_CITED; CANDIDATE_FIT_PRELIMINARY"",""comparability_coverage_freshness_licensing"":""PRELIMINARY_ESTIMATE_NOT_AUDITED""}"
"C79","79","Suitability for a software professional","Profile-dependent composites","Profile score for a software professional using jobs, pay, tax, English, visas and ecosystem.","PC | DO","PROFILE_ONLY","profile-derived","Derived from approved component criteria","Profile calculation only","","C1","N/A","N/A","Derived from components","N/A","DEFERRED_PROFILE_LAYER","NO FURTHER WORK",,,"Explicit profile composite; no independent source search is warranted.","PRF_PROFILE_ONLY | RED_SHARED_COMPONENTS","{""measures"":""VERIFIED_FROM_USER_SEARCH_SPACE"",""publisher_dataset_family_existence"":""PRELIMINARY_HYPOTHESIS"",""comparability_coverage_freshness_licensing"":""PRELIMINARY_ESTIMATE_NOT_AUDITED""}"
"C80","80","Suitability for a medical professional","Profile-dependent composites","Profile score for a medical professional using demand, licensing, language, pay and visas.","PC | DO","PROFILE_ONLY","profile-derived","Derived from approved component criteria","Profile calculation only","","C1","N/A","N/A","Derived from components","N/A","DEFERRED_PROFILE_LAYER","NO FURTHER WORK",,,"Explicit profession/profile composite; research its components instead.","PRF_PROFILE_ONLY | GRA_PROFESSION_SPECIFIC | RED_SHARED_COMPONENTS","{""measures"":""VERIFIED_FROM_USER_SEARCH_SPACE"",""publisher_dataset_family_existence"":""PRELIMINARY_HYPOTHESIS"",""comparability_coverage_freshness_licensing"":""PRELIMINARY_ESTIMATE_NOT_AUDITED""}"
"C81","81","Suitability for a student","Profile-dependent composites","Student profile score using education, tuition, access, safety and post-study routes.","PC | DO","PROFILE_ONLY","profile-derived","Derived from approved component criteria","Profile calculation only","","C1","N/A","N/A","Derived from components","N/A","DEFERRED_PROFILE_LAYER","NO FURTHER WORK",,,"Explicit profile composite; no independent criterion dataset exists.","PRF_PROFILE_ONLY | RED_SHARED_COMPONENTS","{""measures"":""VERIFIED_FROM_USER_SEARCH_SPACE"",""publisher_dataset_family_existence"":""PRELIMINARY_HYPOTHESIS"",""comparability_coverage_freshness_licensing"":""PRELIMINARY_ESTIMATE_NOT_AUDITED""}"
"C82","82","Suitability for a family with school-age children","Profile-dependent composites","Family-with-children profile score using schools, safety, health, housing and migration rules.","PC | DO","PROFILE_ONLY","profile-derived","Derived from approved component criteria","Profile calculation only","","C1","N/A","N/A","Derived from components","N/A","DEFERRED_PROFILE_LAYER","NO FURTHER WORK",,,"Explicit household profile; component evidence and weights must remain visible.","PRF_PROFILE_ONLY | GRA_HOUSEHOLD_SCENARIO_REQUIRED | RED_SHARED_COMPONENTS","{""measures"":""VERIFIED_FROM_USER_SEARCH_SPACE"",""publisher_dataset_family_existence"":""PRELIMINARY_HYPOTHESIS"",""comparability_coverage_freshness_licensing"":""PRELIMINARY_ESTIMATE_NOT_AUDITED""}"
"C83","83","Suitability for an entrepreneur","Profile-dependent composites","Entrepreneur profile score using formation, finance, tax, immigration, markets and digital government.","PC | DO","PROFILE_ONLY","profile-derived","Derived from approved component criteria","Profile calculation only","","C1","N/A","N/A","Derived from components","N/A","DEFERRED_PROFILE_LAYER","NO FURTHER WORK",,,"Explicit profile composite; research component criteria rather than seek a single index.","PRF_PROFILE_ONLY | RED_SHARED_COMPONENTS","{""measures"":""VERIFIED_FROM_USER_SEARCH_SPACE"",""publisher_dataset_family_existence"":""PRELIMINARY_HYPOTHESIS"",""comparability_coverage_freshness_licensing"":""PRELIMINARY_ESTIMATE_NOT_AUDITED""}"
"C84","84","Suitability for retirement","Profile-dependent composites","Retiree profile score using health, affordability, climate, residency, safety and life quality.","PC | DO | PF","PROFILE_ONLY","profile-derived","Derived from approved component criteria","Profile calculation only","","C1","N/A","N/A","Derived from components","N/A","DEFERRED_PROFILE_LAYER","NO FURTHER WORK",,,"Explicit preference/profile composite and duplicate of C77's intended decision.","PRF_PROFILE_ONLY | RED_CANDIDATE_OVERLAP | RED_SHARED_COMPONENTS","{""measures"":""VERIFIED_FROM_USER_SEARCH_SPACE"",""publisher_dataset_family_existence"":""PRELIMINARY_HYPOTHESIS"",""comparability_coverage_freshness_licensing"":""PRELIMINARY_ESTIMATE_NOT_AUDITED""}"
